АУДІО ВІДЕО СВІТ,861.0,https://hotline.ua/go/price/13085124998/
MUSICMAG,861.0,https://hotline.ua/go/price/12538717775/
HIFI SALON,861.0,https://hotline.ua/go/price/13326860753/
SOUNDLAB,1180.0,https://hotline.ua/go/price/13180986488/
PLAY VINYL,1180.0,https://hotline.ua/go/price/13384200474/
АУДІО ВІДЕО СВІТ,861.0,https://hotline.ua/go/price/13085124998/
MUSICMAG,861.0,https://hotline.ua/go/price/12538717775/
HIFI SALON,861.0,https://hotline.ua/go/price/13326860753/
SOUNDLAB,1180.0,https://hotline.ua/go/price/13180986488/
PLAY VINYL,1180.0,https://hotline.ua/go/price/13384200474/
iStore.ua,4499.0,https://hotline.ua/go/price/13234454850/
Скай (skay.ua),3271.0,https://hotline.ua/go/price/13393190324/
NewTime.ua,3562.0,https://hotline.ua/go/price/13369649419/
apolo.com.ua,3356.0,https://hotline.ua/go/price/13267870781/
iPeople,3770.0,https://hotline.ua/go/price/13157792945/
iStore.ua,4499.0,https://hotline.ua/go/price/13234454850/
Скай (skay.ua),3271.0,https://hotline.ua/go/price/13393190324/
NewTime.ua,3562.0,https://hotline.ua/go/price/13369649419/
apolo.com.ua,3356.0,https://hotline.ua/go/price/13267870781/
iPeople,3770.0,https://hotline.ua/go/price/13157792945/
Sota Store,3356.0,https://hotline.ua/go/price/13391139265/
STYLUS,3999.0,https://hotline.ua/go/price/13365686408/
Цифра,3799.0,https://hotline.ua/go/price/13365639493/
LuckyLink.kiev.ua,3379.0,https://hotline.ua/go/price/13373105258/
AgentYabluk,3306.0,https://hotline.ua/go/price/13377871887/
ТВ МИР,3565.0,https://hotline.ua/go/price/13382000373/
DreamTech,11295.0,https://hotline.ua/go/price/13297956883/
DreamTech,17808.0,https://hotline.ua/go/price/13287508487/
REC,6900.0,https://hotline.ua/go/price/13381104849/
DreamTech,11295.0,https://hotline.ua/go/price/13297956883/
DreamTech,17808.0,https://hotline.ua/go/price/13287508487/
REC,6900.0,https://hotline.ua/go/price/13381104849/
MUSICMAG,13434.0,https://hotline.ua/go/price/10815200580/
АУДІО ВІДЕО СВІТ,13434.0,https://hotline.ua/go/price/9809193399/
HIFI SALON,13434.0,https://hotline.ua/go/price/13317756275/
First-Line,13434.0,https://hotline.ua/go/price/13367447910/
SOUNDLAB,13434.0,https://hotline.ua/go/price/12832640109/
MUSICMAG,13434.0,https://hotline.ua/go/price/10815200580/
АУДІО ВІДЕО СВІТ,13434.0,https://hotline.ua/go/price/9809193399/
HIFI SALON,13434.0,https://hotline.ua/go/price/13317756275/
First-Line,13434.0,https://hotline.ua/go/price/13367447910/
SOUNDLAB,13434.0,https://hotline.ua/go/price/12832640109/
Hi-Fi.shop,13434.0,https://hotline.ua/go/price/13364181005/
Topaz-Electro,13434.0,https://hotline.ua/go/price/13260521322/
AcousticBuy.com.ua,13489.0,https://hotline.ua/go/price/12015251739/
Techzone,13434.0,https://hotline.ua/go/price/13377013759/
NOVOSTAR,13489.0,https://hotline.ua/go/price/12928027288/
Redprice,8390.0,https://hotline.ua/go/price/13381167726/
Muzzone,8390.0,https://hotline.ua/go/price/13306467488/
Tomdom,8393.0,https://hotline.ua/go/price/13381158829/
HIFI-PROFI,13430.0,https://hotline.ua/go/price/13361261471/
TimeSport,8396.0,https://hotline.ua/go/price/13381185783/
LaNota,10999.0,https://hotline.ua/go/price/13261660491/
Electros,9949.0,https://hotline.ua/go/price/13362025861/
Евро-Техника,8990.0,https://hotline.ua/go/price/13298996277/
PLAY VINYL,13434.0,https://hotline.ua/go/price/13384199891/
ringoo,4299.0,https://hotline.ua/go/price/13371231897/
ALLO.ua,3399.0,https://hotline.ua/go/price/13392376052/
Click,3399.0,https://hotline.ua/go/price/13382470464/
STOREinUA,2799.0,https://hotline.ua/go/price/13387032002/
EXE.ua,3542.0,https://hotline.ua/go/price/13371437414/
ringoo,4299.0,https://hotline.ua/go/price/13371231897/
ALLO.ua,3399.0,https://hotline.ua/go/price/13392376052/
Click,3399.0,https://hotline.ua/go/price/13382470464/
STOREinUA,2799.0,https://hotline.ua/go/price/13387032002/
EXE.ua,3542.0,https://hotline.ua/go/price/13371437414/
Цитрус,3399.0,https://hotline.ua/go/price/13360952624/
Q-TECHNO,3712.0,https://hotline.ua/go/price/13378113236/
Недорого!,3600.0,https://hotline.ua/go/price/13351401983/
Touch,2999.0,https://hotline.ua/go/price/13389074717/
MTA.UA,3399.0,https://hotline.ua/go/price/13370627428/
Комп'ютерний Всесвіт,3962.0,https://hotline.ua/go/price/13391644321/
Valrom PC,3399.0,https://hotline.ua/go/price/13387886191/
ФОКСТРОТ,3399.0,https://hotline.ua/go/price/13360064089/
Artline.ua,4299.0,https://hotline.ua/go/price/13385363637/
Vodafone,4299.0,https://hotline.ua/go/price/13375398211/
AKS.ua,3585.0,https://hotline.ua/go/price/13380272474/
ЗОНА51,3399.0,https://hotline.ua/go/price/13359898668/
megadom.biz,2699.0,https://hotline.ua/go/price/13393175137/
КТС.ua,3399.0,https://hotline.ua/go/price/13373878945/
WO.ua,3348.0,https://hotline.ua/go/price/13382529868/
Flick І Все для геймерів,3389.0,https://hotline.ua/go/price/13391807319/
Robby,2750.0,https://hotline.ua/go/price/13377976631/
Megabite.ua,2499.0,https://hotline.ua/go/price/13388649997/
EUROS,2890.0,https://hotline.ua/go/price/13374050949/
MobiCase,3399.0,https://hotline.ua/go/price/13382463256/
FOXEL,2489.0,https://hotline.ua/go/price/13385360975/
FOXEL,2699.0,https://hotline.ua/go/price/13377822639/
HomeLEON,2489.0,https://hotline.ua/go/price/13385893108/
ITbox.ua,3399.0,https://hotline.ua/go/price/13373844043/
AVIC.ua,2708.0,https://hotline.ua/go/price/13383384090/
Rozetka.ua,3399.0,https://hotline.ua/go/price/13360640947/
Sota Store,2715.0,https://hotline.ua/go/price/13393108476/
ЖЖУК,3399.0,https://hotline.ua/go/price/13371375472/
STYLUS,2807.0,https://hotline.ua/go/price/13379536696/
Техно Їжак,3195.0,https://hotline.ua/go/price/13387044596/
Цифра,2783.0,https://hotline.ua/go/price/13379503126/
Enko,3358.0,https://hotline.ua/go/price/13371324606/
Bluedio - headphones,1800.0,https://hotline.ua/go/price/13383466093/
Bluedio - headphones,2490.0,https://hotline.ua/go/price/13384309867/
Redprice,2580.0,https://hotline.ua/go/price/13381170942/
Brain.Комп'ютери/гаджети,3399.0,https://hotline.ua/go/price/13373925811/
COMFY.UA,3399.0,https://hotline.ua/go/price/13380796902/
DENIKA.UA,4299.0,https://hotline.ua/go/price/13380390627/
LuckyLink.kiev.ua,2568.0,https://hotline.ua/go/price/13381951601/
Tomdom,2581.0,https://hotline.ua/go/price/13381160003/
F.ua „ТОЙ САМИЙ“ магазин,3399.0,https://hotline.ua/go/price/13371287901/
CAN.UA,3406.0,https://hotline.ua/go/price/13371480922/
Comtrading.ua,3340.0,https://hotline.ua/go/price/13371226900/
Soundmania,2649.0,https://hotline.ua/go/price/13390795771/
Епіцентр,3399.0,https://hotline.ua/go/price/13361224822/
PCshop.UA,3399.0,https://hotline.ua/go/price/13382551138/
ALLPROSERVER,2580.0,https://hotline.ua/go/price/13393261113/
YOUSEE,2489.0,https://hotline.ua/go/price/13384075082/
CompX,3399.0,https://hotline.ua/go/price/13384717888/
TimeSport,2586.0,https://hotline.ua/go/price/13381183395/
Сафік,2584.0,https://hotline.ua/go/price/13392963363/
Setevuha.ua,3399.0,https://hotline.ua/go/price/13371828589/
Tehnopostavka,3429.0,https://hotline.ua/go/price/13382550964/
Інтернет магазин OpenShop,4299.0,https://hotline.ua/go/price/13390888040/
dp-shop,3292.0,https://hotline.ua/go/price/13391596904/
Твій Дім,3585.0,https://hotline.ua/go/price/13380422753/
TELEMART.UA,3399.0,https://hotline.ua/go/price/13360386342/
inter.if.ua,3399.0,https://hotline.ua/go/price/13371485795/
SVEN Днепр,3587.0,https://hotline.ua/go/price/13371719164/
VINT.com.ua,3437.0,https://hotline.ua/go/price/13371225947/
OnOff,2699.0,https://hotline.ua/go/price/13387986962/
i-Buy,5222.0,https://hotline.ua/go/price/13388808367/
НКТ,3456.0,https://hotline.ua/go/price/13380368799/
Інтернет-магазин АП,3380.0,https://hotline.ua/go/price/13392234517/
KIBERSHOP,2449.0,https://hotline.ua/go/price/13393097027/
allmedia,2645.0,https://hotline.ua/go/price/13367347889/
Краб,3399.0,https://hotline.ua/go/price/13386149891/
SellPoint,4150.0,https://hotline.ua/go/price/13371118440/
FIXER,3568.0,https://hotline.ua/go/price/13380354621/
OrangeStore,3705.0,https://hotline.ua/go/price/13384576213/
MEGASTAR,3418.0,https://hotline.ua/go/price/13384103667/
Sanford.com.ua,3599.0,https://hotline.ua/go/price/13378566409/
intelect.com.ua,3499.0,https://hotline.ua/go/price/13389253692/
Євро Плюс,3478.0,https://hotline.ua/go/price/13371305137/
